{
  "streamId": "rawInputStream:1.0.0",
  "name": "rawInputStream",
  "version": "1.0.0",
  "nickName": "",
  "description": "Any raw data send from external users to CEP, this stream will be used by inputStandardizer to transform raw events to standard spatial event(with spatial standards ).",
  "payloadData": [
    {
      "name": "id",
      "type": "STRING"
    },
    {
      "name": "timeStamp",
      "type": "STRING"
    },
    {
      "name": "latitude",
      "type": "DOUBLE"
    },
    {
      "name": "longitude",
      "type": "DOUBLE"
    },
    {
      "name": "speed",
      "type": "FLOAT"
    },
    {
      "name": "heading",
      "type": "FLOAT"
    }
  ]
}