{
  "streamId": "standardSpatialEvents:1.0.0",
  "name": "standardSpatialEvents",
  "version": "1.0.0",
  "nickName": "",
  "description": "Standardized event by spatial InputStandardizer execution plan",
  "payloadData": [
    {
      "name": "id",
      "type": "STRING"
    },
    {
      "name": "latitude",
      "type": "DOUBLE"
    },
    {
      "name": "longitude",
      "type": "DOUBLE"
    },
    {
      "name": "timeStamp",
      "type": "STRING"
    },
    {
      "name": "speed",
      "type": "FLOAT"
    },
    {
      "name": "heading",
      "type": "FLOAT"
    },
    {
      "name": "eventId",
      "type": "STRING"
    }
  ]
}